{
    "rouge1": {
        "f1": 0.36797298026375325,
        "precision": 0.3794982607262019,
        "recall": 0.3847213659140795
    },
    "rouge2": {
        "f1": 0.2307420832634294,
        "precision": 0.23531891646365327,
        "recall": 0.24288498191918909
    },
    "rougeL": {
        "f1": 0.34802065714868186,
        "precision": 0.35712326643944287,
        "recall": 0.36448212447918593
    }
}