{
    "rouge1": {
        "f1": 0.12894985289181404,
        "precision": 0.4694094308890829,
        "recall": 0.08267367836647324
    },
    "rouge2": {
        "f1": 0.03309629985836473,
        "precision": 0.12614321234061013,
        "recall": 0.021850269786786416
    },
    "rougeL": {
        "f1": 0.1022464287958922,
        "precision": 0.36965094839352813,
        "recall": 0.06622820385000214
    }
}